insert into user (id, created_on, username, password, first_name, last_name) values (1, '2019-04-16 10:24:17', 'mmusslewhite0', 'UNpwXio5x', 'Maximilianus', 'Musslewhite');
insert into user (id, created_on, username, password, first_name, last_name) values (2, '2019-05-29 05:04:04', 'jeles1', 'mA0BH6q8pQSh', 'Johannah', 'Eles');
insert into user (id, created_on, username, password, first_name, last_name) values (3, '2019-03-12 06:59:38', 'apatemore2', 'WebGYPSx', 'Alex', 'Patemore');
insert into user (id, created_on, username, password, first_name, last_name) values (4, '2019-11-18 22:50:05', 'dconisbee3', 'd0kYxT9abW', 'Derwin', 'Conisbee');
insert into user (id, created_on, username, password, first_name, last_name) values (5, '2020-01-24 15:30:31', 'fdabels4', 'X0aqK1rzbQB', 'Farr', 'Dabels');
insert into user (id, created_on, username, password, first_name, last_name) values (6, '2019-12-05 19:09:56', 'jbeamiss5', 'GFDYAM9MQxMh', 'Jesse', 'Beamiss');
insert into user (id, created_on, username, password, first_name, last_name) values (7, '2019-03-17 06:33:03', 'jbatch6', '1VthG2Y', 'Jojo', 'Batch');
insert into user (id, created_on, username, password, first_name, last_name) values (8, '2019-07-15 14:09:34', 'ebillborough7', 'hS6qYmV', 'Erny', 'Billborough');
insert into user (id, created_on, username, password, first_name, last_name) values (9, '2020-01-29 03:03:15', 'slichtfoth8', 'FbWqqVmR8', 'Stanislaus', 'Lichtfoth');
insert into user (id, created_on, username, password, first_name, last_name) values (10, '2019-09-25 13:46:07', 'jsouthward9', 'qFJS5D23HNdJ', 'Joscelin', 'Southward');

insert into poll (id, created_on, text, is_multiple_choice, is_completed, expiry_date, user_id) values (1, '2019-08-29 21:17:19', 'Dog, african wild', true, true, '2020-06-01 13:20:31', 7);
insert into poll (id, created_on, text, is_multiple_choice, is_completed, expiry_date, user_id) values (2, '2019-08-11 03:01:58', 'African ground squirrel (unidentified)', false, false, '2020-03-07 21:44:24', 5);
insert into poll (id, created_on, text, is_multiple_choice, is_completed, expiry_date, user_id) values (3, '2019-03-19 19:49:38', 'Rattlesnake, eastern diamondback', true, true, '2020-12-10 16:04:57', 6);
insert into poll (id, created_on, text, is_multiple_choice, is_completed, expiry_date, user_id) values (4, '2020-01-09 08:42:49', 'Radiated tortoise', false, false, '2019-10-31 20:36:09', 5);
insert into poll (id, created_on, text, is_multiple_choice, is_completed, expiry_date, user_id) values (5, '2019-03-28 07:35:12', 'Mongoose, banded', true, true, '2021-01-18 04:33:19', 2);
insert into poll (id, created_on, text, is_multiple_choice, is_completed, expiry_date, user_id) values (6, '2019-03-27 20:58:37', 'Native cat', true, true, '2020-03-31 06:14:21', 8);
insert into poll (id, created_on, text, is_multiple_choice, is_completed, expiry_date, user_id) values (7, '2019-06-11 13:13:11', 'Buffalo, asian water', true, false, '2020-08-31 19:17:03', 9);
insert into poll (id, created_on, text, is_multiple_choice, is_completed, expiry_date, user_id) values (8, '2019-08-04 20:37:56', 'Raccoon, crab-eating', true, false, '2020-03-16 18:56:47', 3);
insert into poll (id, created_on, text, is_multiple_choice, is_completed, expiry_date, user_id) values (9, '2019-06-13 20:52:12', 'Woodpecker, downy', true, false, '2020-12-13 15:16:40', 6);
insert into poll (id, created_on, text, is_multiple_choice, is_completed, expiry_date, user_id) values (10, '2019-10-17 11:57:46', 'Cape starling', false, false, '2020-01-26 13:41:03', 5);
insert into poll (id, created_on, text, is_multiple_choice, is_completed, expiry_date, user_id) values (11, '2019-08-09 02:48:25', 'Red-necked phalarope', true, false, '2020-03-18 06:01:12', 10);
insert into poll (id, created_on, text, is_multiple_choice, is_completed, expiry_date, user_id) values (12, '2020-01-04 06:29:20', 'Indian peacock', false, false, '2020-01-13 23:55:31', 2);
insert into poll (id, created_on, text, is_multiple_choice, is_completed, expiry_date, user_id) values (13, '2019-12-16 04:01:20', 'Columbian rainbow boa', false, false, '2021-01-26 03:52:35', 2);
insert into poll (id, created_on, text, is_multiple_choice, is_completed, expiry_date, user_id) values (14, '2019-06-26 20:04:13', 'Small Indian mongoose', false, false, '2020-08-15 23:34:51', 1);
insert into poll (id, created_on, text, is_multiple_choice, is_completed, expiry_date, user_id) values (15, '2019-05-02 12:19:11', 'Asian elephant', true, true, '2020-11-22 20:33:59', 6);
insert into poll (id, created_on, text, is_multiple_choice, is_completed, expiry_date, user_id) values (16, '2019-05-31 11:07:05', 'Red lava crab', false, false, '2020-01-28 21:24:39', 6);
insert into poll (id, created_on, text, is_multiple_choice, is_completed, expiry_date, user_id) values (17, '2019-08-06 17:14:00', 'Pallas''s fish eagle', true, true, '2020-07-22 02:24:15', 9);
insert into poll (id, created_on, text, is_multiple_choice, is_completed, expiry_date, user_id) values (18, '2019-06-04 02:50:16', 'Northern elephant seal', true, true, '2020-08-28 21:13:45', 4);
insert into poll (id, created_on, text, is_multiple_choice, is_completed, expiry_date, user_id) values (19, '2019-05-19 08:59:33', 'Bee-eater (unidentified)', false, true, '2020-06-25 06:14:13', 8);
insert into poll (id, created_on, text, is_multiple_choice, is_completed, expiry_date, user_id) values (20, '2019-11-09 03:14:53', 'Native cat', true, true, '2020-11-09 04:19:18', 7);
insert into poll (id, created_on, text, is_multiple_choice, is_completed, expiry_date, user_id) values (21, '2019-04-16 01:59:30', 'Gull, pacific', false, false, '2020-10-12 11:33:35', 8);
insert into poll (id, created_on, text, is_multiple_choice, is_completed, expiry_date, user_id) values (22, '2019-11-01 09:50:03', 'Topi', true, false, '2019-11-09 21:03:34', 2);
insert into poll (id, created_on, text, is_multiple_choice, is_completed, expiry_date, user_id) values (23, '2019-06-13 08:36:02', 'Tiger cat', false, true, '2020-12-20 03:39:34', 5);
insert into poll (id, created_on, text, is_multiple_choice, is_completed, expiry_date, user_id) values (24, '2019-03-17 07:29:27', 'Snake, carpet', true, true, '2020-05-05 20:09:46', 8);
insert into poll (id, created_on, text, is_multiple_choice, is_completed, expiry_date, user_id) values (25, '2019-11-02 02:09:03', 'Squirrel, european red', false, false, '2020-07-03 00:32:53', 3);
insert into poll (id, created_on, text, is_multiple_choice, is_completed, expiry_date, user_id) values (26, '2019-06-26 21:32:03', 'Long-tailed spotted cat', false, false, '2020-10-21 17:44:15', 4);
insert into poll (id, created_on, text, is_multiple_choice, is_completed, expiry_date, user_id) values (27, '2019-04-13 14:48:12', 'Purple grenadier', true, true, '2021-01-03 15:54:43', 6);
insert into poll (id, created_on, text, is_multiple_choice, is_completed, expiry_date, user_id) values (28, '2019-03-30 06:38:00', 'Rufous-collared sparrow', false, false, '2020-01-07 16:19:19', 8);
insert into poll (id, created_on, text, is_multiple_choice, is_completed, expiry_date, user_id) values (29, '2020-02-06 04:52:41', 'Porcupine, african', true, true, '2020-08-22 21:06:05', 7);
insert into poll (id, created_on, text, is_multiple_choice, is_completed, expiry_date, user_id) values (30, '2019-07-10 20:26:41', 'Indian tree pie', false, false, '2020-07-02 18:40:12', 6);
insert into poll (id, created_on, text, is_multiple_choice, is_completed, expiry_date, user_id) values (31, '2019-12-25 13:15:06', 'Pademelon, red-legged', false, true, '2020-09-01 23:31:03', 4);
insert into poll (id, created_on, text, is_multiple_choice, is_completed, expiry_date, user_id) values (32, '2019-03-26 02:08:28', 'Flightless cormorant', true, true, '2020-11-21 16:01:30', 8);
insert into poll (id, created_on, text, is_multiple_choice, is_completed, expiry_date, user_id) values (33, '2020-02-07 15:07:26', 'Small-toothed palm civet', true, false, '2020-09-25 15:54:22', 7);
insert into poll (id, created_on, text, is_multiple_choice, is_completed, expiry_date, user_id) values (34, '2019-06-19 09:26:42', 'Galapagos sea lion', false, true, '2020-02-03 19:35:51', 3);
insert into poll (id, created_on, text, is_multiple_choice, is_completed, expiry_date, user_id) values (35, '2019-06-20 01:07:06', 'Mouflon', true, false, '2020-08-25 06:21:09', 8);
insert into poll (id, created_on, text, is_multiple_choice, is_completed, expiry_date, user_id) values (36, '2019-07-25 20:35:44', 'Legaan, Monitor (unidentified)', false, false, '2019-12-23 16:39:56', 3);
insert into poll (id, created_on, text, is_multiple_choice, is_completed, expiry_date, user_id) values (37, '2019-06-16 10:58:08', 'Squirrel, palm', true, true, '2019-10-31 02:46:56', 8);
insert into poll (id, created_on, text, is_multiple_choice, is_completed, expiry_date, user_id) values (38, '2019-11-27 05:31:18', 'Greater adjutant stork', false, false, '2020-06-13 10:59:53', 3);
insert into poll (id, created_on, text, is_multiple_choice, is_completed, expiry_date, user_id) values (39, '2020-01-11 10:44:18', 'Two-toed sloth', true, false, '2021-02-04 10:41:34', 10);
insert into poll (id, created_on, text, is_multiple_choice, is_completed, expiry_date, user_id) values (40, '2020-01-05 20:15:02', 'Squirrel glider', true, true, '2019-11-08 04:40:45', 9);
insert into poll (id, created_on, text, is_multiple_choice, is_completed, expiry_date, user_id) values (41, '2019-05-15 06:35:40', 'Frilled dragon', true, true, '2020-01-29 23:22:41', 8);
insert into poll (id, created_on, text, is_multiple_choice, is_completed, expiry_date, user_id) values (42, '2019-10-07 21:38:37', 'Flicker, field', false, true, '2020-10-29 07:20:13', 3);
insert into poll (id, created_on, text, is_multiple_choice, is_completed, expiry_date, user_id) values (43, '2019-03-12 00:37:24', 'Brush-tailed bettong', true, true, '2020-07-22 21:58:01', 10);
insert into poll (id, created_on, text, is_multiple_choice, is_completed, expiry_date, user_id) values (44, '2019-05-11 02:23:32', 'Yellow-crowned night heron', true, true, '2020-11-09 11:43:33', 7);
insert into poll (id, created_on, text, is_multiple_choice, is_completed, expiry_date, user_id) values (45, '2019-06-20 10:16:22', 'Polecat, african', true, true, '2020-06-23 20:08:55', 5);
insert into poll (id, created_on, text, is_multiple_choice, is_completed, expiry_date, user_id) values (46, '2019-12-11 15:47:29', 'Eagle, long-crested hawk', false, false, '2021-01-04 14:39:12', 7);
insert into poll (id, created_on, text, is_multiple_choice, is_completed, expiry_date, user_id) values (47, '2019-04-04 05:50:14', 'Monkey, bleeding heart', false, false, '2020-03-24 09:36:49', 5);
insert into poll (id, created_on, text, is_multiple_choice, is_completed, expiry_date, user_id) values (48, '2019-12-29 17:11:36', 'Bat-eared fox', false, false, '2020-10-02 20:22:36', 4);
insert into poll (id, created_on, text, is_multiple_choice, is_completed, expiry_date, user_id) values (49, '2019-02-28 23:10:49', 'Kangaroo, jungle', false, true, '2021-01-23 13:37:17', 2);
insert into poll (id, created_on, text, is_multiple_choice, is_completed, expiry_date, user_id) values (50, '2019-02-25 08:12:32', 'Yak', false, false, '2020-11-25 09:32:39', 3);


insert into poll_option (id, created_on, number_of_votes, text, poll_id) values (1, '2020-01-27 17:04:02', 2, 'Nucifraga columbiana', 23);
insert into poll_option (id, created_on, number_of_votes, text, poll_id) values (2, '2019-09-30 17:12:59', 3, 'Cervus canadensis', 32);
insert into poll_option (id, created_on, number_of_votes, text, poll_id) values (3, '2019-04-17 06:55:58', 4, 'Semnopithecus entellus', 34);
insert into poll_option (id, created_on, number_of_votes, text, poll_id) values (4, '2020-01-16 20:20:37', 2, 'Vanellus chilensis', 47);
insert into poll_option (id, created_on, number_of_votes, text, poll_id) values (5, '2020-02-23 17:05:28', 2, 'Ovibos moschatus', 3);
insert into poll_option (id, created_on, number_of_votes, text, poll_id) values (6, '2019-07-06 22:50:46', 1, 'Castor canadensis', 39);
insert into poll_option (id, created_on, number_of_votes, text, poll_id) values (7, '2019-04-10 01:30:13', 2, 'Cracticus nigroagularis', 32);
insert into poll_option (id, created_on, number_of_votes, text, poll_id) values (8, '2019-09-03 07:06:34', 1, 'Hydrochoerus hydrochaeris', 14);
insert into poll_option (id, created_on, number_of_votes, text, poll_id) values (9, '2019-06-17 10:59:10', 3, 'Tiliqua scincoides', 43);
insert into poll_option (id, created_on, number_of_votes, text, poll_id) values (10, '2019-07-15 17:33:13', 4, 'Priodontes maximus', 16);
insert into poll_option (id, created_on, number_of_votes, text, poll_id) values (11, '2019-10-01 08:28:04', 1, 'Paradoxurus hermaphroditus', 18);
insert into poll_option (id, created_on, number_of_votes, text, poll_id) values (12, '2020-02-03 08:30:47', 3, 'Varanus sp.', 32);
insert into poll_option (id, created_on, number_of_votes, text, poll_id) values (13, '2019-03-19 00:12:43', 2, 'Choloepus hoffmani', 44);
insert into poll_option (id, created_on, number_of_votes, text, poll_id) values (14, '2019-07-10 07:40:31', 4, 'Bassariscus astutus', 30);
insert into poll_option (id, created_on, number_of_votes, text, poll_id) values (15, '2019-10-15 17:25:31', 2, 'Boselaphus tragocamelus', 24);
insert into poll_option (id, created_on, number_of_votes, text, poll_id) values (16, '2019-06-01 18:50:45', 4, 'Elephas maximus bengalensis', 23);
insert into poll_option (id, created_on, number_of_votes, text, poll_id) values (17, '2019-09-15 10:50:35', 4, 'Hystrix cristata', 8);
insert into poll_option (id, created_on, number_of_votes, text, poll_id) values (18, '2019-07-20 16:32:06', 1, 'Epicrates cenchria maurus', 41);
insert into poll_option (id, created_on, number_of_votes, text, poll_id) values (19, '2019-08-23 12:50:14', 1, 'Dolichitus patagonum', 22);
insert into poll_option (id, created_on, number_of_votes, text, poll_id) values (20, '2019-06-04 08:50:56', 1, 'Papio cynocephalus', 21);
insert into poll_option (id, created_on, number_of_votes, text, poll_id) values (21, '2019-09-29 23:01:08', 4, 'Paroaria gularis', 32);
insert into poll_option (id, created_on, number_of_votes, text, poll_id) values (22, '2019-06-04 11:45:40', 4, 'Plegadis falcinellus', 50);
insert into poll_option (id, created_on, number_of_votes, text, poll_id) values (23, '2019-06-18 19:00:17', 1, 'Paraxerus cepapi', 41);
insert into poll_option (id, created_on, number_of_votes, text, poll_id) values (24, '2019-09-05 08:03:09', 4, 'unavailable', 37);
insert into poll_option (id, created_on, number_of_votes, text, poll_id) values (25, '2019-04-13 06:01:04', 1, 'Pelecans onocratalus', 26);
insert into poll_option (id, created_on, number_of_votes, text, poll_id) values (26, '2019-10-26 01:04:23', 2, 'Vanessa indica', 49);
insert into poll_option (id, created_on, number_of_votes, text, poll_id) values (27, '2019-09-17 08:26:04', 2, 'Felis concolor', 8);
insert into poll_option (id, created_on, number_of_votes, text, poll_id) values (28, '2019-06-10 04:47:58', 1, 'Globicephala melas', 39);
insert into poll_option (id, created_on, number_of_votes, text, poll_id) values (29, '2019-12-30 13:46:42', 4, 'Threskionis aethiopicus', 47);
insert into poll_option (id, created_on, number_of_votes, text, poll_id) values (30, '2019-08-19 06:59:10', 3, 'Axis axis', 29);
insert into poll_option (id, created_on, number_of_votes, text, poll_id) values (31, '2019-11-08 01:52:59', 1, 'Larus novaehollandiae', 24);
insert into poll_option (id, created_on, number_of_votes, text, poll_id) values (32, '2019-09-18 11:27:42', 1, 'Plectopterus gambensis', 38);
insert into poll_option (id, created_on, number_of_votes, text, poll_id) values (33, '2020-02-19 17:01:55', 1, 'Dasyurus viverrinus', 40);
insert into poll_option (id, created_on, number_of_votes, text, poll_id) values (34, '2019-10-10 02:36:08', 1, 'Cyrtodactylus louisiadensis', 18);
insert into poll_option (id, created_on, number_of_votes, text, poll_id) values (35, '2019-05-23 15:26:37', 1, 'Felis pardalis', 42);
insert into poll_option (id, created_on, number_of_votes, text, poll_id) values (36, '2019-11-10 08:08:54', 1, 'Bubalus arnee', 41);
insert into poll_option (id, created_on, number_of_votes, text, poll_id) values (37, '2019-03-26 18:42:14', 3, 'Phoeniconaias minor', 50);
insert into poll_option (id, created_on, number_of_votes, text, poll_id) values (38, '2019-09-30 17:27:47', 3, 'Spermophilus parryii', 33);
insert into poll_option (id, created_on, number_of_votes, text, poll_id) values (39, '2019-05-20 13:25:20', 1, 'Macropus giganteus', 12);
insert into poll_option (id, created_on, number_of_votes, text, poll_id) values (40, '2019-11-18 18:45:40', 4, 'Echimys chrysurus', 38);
insert into poll_option (id, created_on, number_of_votes, text, poll_id) values (41, '2019-03-17 23:24:32', 3, 'Columba livia', 1);
insert into poll_option (id, created_on, number_of_votes, text, poll_id) values (42, '2019-06-11 20:29:11', 4, 'Lamprotornis chalybaeus', 35);
insert into poll_option (id, created_on, number_of_votes, text, poll_id) values (43, '2019-08-14 20:59:04', 3, 'Crotaphytus collaris', 49);
insert into poll_option (id, created_on, number_of_votes, text, poll_id) values (44, '2019-04-03 00:21:31', 1, 'Cordylus giganteus', 14);
insert into poll_option (id, created_on, number_of_votes, text, poll_id) values (45, '2019-04-06 16:20:27', 4, 'Arctogalidia trivirgata', 11);
insert into poll_option (id, created_on, number_of_votes, text, poll_id) values (46, '2019-07-26 08:21:04', 4, 'Anser anser', 44);
insert into poll_option (id, created_on, number_of_votes, text, poll_id) values (47, '2019-04-25 01:23:28', 4, 'Phalacrocorax varius', 3);
insert into poll_option (id, created_on, number_of_votes, text, poll_id) values (48, '2019-04-06 18:17:03', 3, 'Macaca mulatta', 48);
insert into poll_option (id, created_on, number_of_votes, text, poll_id) values (49, '2019-07-01 18:39:44', 3, 'Ploceus rubiginosus', 7);
insert into poll_option (id, created_on, number_of_votes, text, poll_id) values (50, '2019-12-18 05:39:44', 3, 'Phacochoerus aethiopus', 7);
insert into poll_option (id, created_on, number_of_votes, text, poll_id) values (51, '2019-09-14 08:57:42', 4, 'Uraeginthus angolensis', 47);
insert into poll_option (id, created_on, number_of_votes, text, poll_id) values (52, '2019-07-07 20:00:54', 1, 'Pelecans onocratalus', 34);
insert into poll_option (id, created_on, number_of_votes, text, poll_id) values (53, '2019-08-12 20:09:02', 4, 'Calyptorhynchus magnificus', 46);
insert into poll_option (id, created_on, number_of_votes, text, poll_id) values (54, '2019-12-01 12:24:17', 1, 'Hippopotamus amphibius', 26);
insert into poll_option (id, created_on, number_of_votes, text, poll_id) values (55, '2019-04-22 04:08:16', 3, 'Dicrostonyx groenlandicus', 40);
insert into poll_option (id, created_on, number_of_votes, text, poll_id) values (56, '2020-02-04 02:37:40', 3, 'Ninox superciliaris', 12);
insert into poll_option (id, created_on, number_of_votes, text, poll_id) values (57, '2019-05-22 15:02:29', 4, 'Estrilda erythronotos', 43);
insert into poll_option (id, created_on, number_of_votes, text, poll_id) values (58, '2019-05-16 14:53:11', 2, 'Bradypus tridactylus', 10);
insert into poll_option (id, created_on, number_of_votes, text, poll_id) values (59, '2020-02-04 20:21:34', 3, 'Semnopithecus entellus', 4);
insert into poll_option (id, created_on, number_of_votes, text, poll_id) values (60, '2019-10-16 03:51:55', 1, 'Sciurus vulgaris', 17);
insert into poll_option (id, created_on, number_of_votes, text, poll_id) values (61, '2020-01-31 13:57:21', 2, 'Myiarchus tuberculifer', 3);
insert into poll_option (id, created_on, number_of_votes, text, poll_id) values (62, '2019-03-15 11:53:53', 1, 'Melursus ursinus', 48);
insert into poll_option (id, created_on, number_of_votes, text, poll_id) values (63, '2020-01-18 08:57:43', 3, 'Cervus unicolor', 34);
insert into poll_option (id, created_on, number_of_votes, text, poll_id) values (64, '2019-08-20 21:36:37', 2, 'Trichoglossus haematodus moluccanus', 22);
insert into poll_option (id, created_on, number_of_votes, text, poll_id) values (65, '2019-12-18 20:47:45', 3, 'Macropus parryi', 18);
insert into poll_option (id, created_on, number_of_votes, text, poll_id) values (66, '2019-11-28 11:09:01', 3, 'Hippotragus niger', 32);
insert into poll_option (id, created_on, number_of_votes, text, poll_id) values (67, '2019-07-12 17:16:05', 3, 'Dusicyon thous', 49);
insert into poll_option (id, created_on, number_of_votes, text, poll_id) values (68, '2019-05-20 03:26:43', 2, 'Geococcyx californianus', 12);
insert into poll_option (id, created_on, number_of_votes, text, poll_id) values (69, '2019-03-04 08:27:35', 4, 'Cervus elaphus', 23);
insert into poll_option (id, created_on, number_of_votes, text, poll_id) values (70, '2019-10-17 12:59:08', 3, 'Haliaeetus leucoryphus', 12);
insert into poll_option (id, created_on, number_of_votes, text, poll_id) values (71, '2019-05-28 08:25:49', 1, 'Cereopsis novaehollandiae', 39);
insert into poll_option (id, created_on, number_of_votes, text, poll_id) values (72, '2019-08-06 04:04:29', 2, 'Gyps bengalensis', 10);
insert into poll_option (id, created_on, number_of_votes, text, poll_id) values (73, '2019-05-02 22:56:04', 2, 'Uraeginthus granatina', 7);
insert into poll_option (id, created_on, number_of_votes, text, poll_id) values (74, '2019-10-04 02:18:11', 2, 'Phoenicopterus chilensis', 38);
insert into poll_option (id, created_on, number_of_votes, text, poll_id) values (75, '2019-08-04 23:48:41', 4, 'Arctogalidia trivirgata', 27);
insert into poll_option (id, created_on, number_of_votes, text, poll_id) values (76, '2019-02-26 06:12:42', 3, 'Cervus elaphus', 42);
insert into poll_option (id, created_on, number_of_votes, text, poll_id) values (77, '2019-03-20 01:18:30', 1, 'Mabuya spilogaster', 30);
insert into poll_option (id, created_on, number_of_votes, text, poll_id) values (78, '2019-06-13 14:07:29', 3, 'Ammospermophilus nelsoni', 8);
insert into poll_option (id, created_on, number_of_votes, text, poll_id) values (79, '2019-11-18 21:37:48', 2, 'Seiurus aurocapillus', 2);
insert into poll_option (id, created_on, number_of_votes, text, poll_id) values (80, '2019-04-06 22:39:32', 2, 'Otaria flavescens', 50);
insert into poll_option (id, created_on, number_of_votes, text, poll_id) values (81, '2020-01-31 14:09:15', 1, 'Geochelone radiata', 14);
insert into poll_option (id, created_on, number_of_votes, text, poll_id) values (82, '2019-11-27 20:31:50', 3, 'Funambulus pennati', 8);
insert into poll_option (id, created_on, number_of_votes, text, poll_id) values (83, '2019-11-24 16:47:47', 1, 'Phascogale calura', 31);
insert into poll_option (id, created_on, number_of_votes, text, poll_id) values (84, '2019-03-12 04:16:01', 4, 'Vanessa indica', 7);
insert into poll_option (id, created_on, number_of_votes, text, poll_id) values (85, '2019-09-30 00:24:40', 4, 'Crotalus triseriatus', 44);
insert into poll_option (id, created_on, number_of_votes, text, poll_id) values (86, '2019-10-26 02:10:12', 1, 'Conolophus subcristatus', 36);
insert into poll_option (id, created_on, number_of_votes, text, poll_id) values (87, '2020-02-04 02:12:26', 4, 'Haliaetus leucogaster', 5);
insert into poll_option (id, created_on, number_of_votes, text, poll_id) values (88, '2019-04-08 12:16:22', 2, 'Eolophus roseicapillus', 27);
insert into poll_option (id, created_on, number_of_votes, text, poll_id) values (89, '2019-10-20 17:06:26', 1, 'Spermophilus tridecemlineatus', 21);
insert into poll_option (id, created_on, number_of_votes, text, poll_id) values (90, '2019-06-16 23:56:07', 3, 'Epicrates cenchria maurus', 48);
insert into poll_option (id, created_on, number_of_votes, text, poll_id) values (91, '2019-11-16 15:00:53', 2, 'Geochelone elephantopus', 36);
insert into poll_option (id, created_on, number_of_votes, text, poll_id) values (92, '2019-12-10 07:05:19', 1, 'Conolophus subcristatus', 3);
insert into poll_option (id, created_on, number_of_votes, text, poll_id) values (93, '2019-06-02 14:45:05', 2, 'Pteronura brasiliensis', 2);
insert into poll_option (id, created_on, number_of_votes, text, poll_id) values (94, '2019-04-24 12:46:32', 1, 'Mazama gouazoubira', 39);
insert into poll_option (id, created_on, number_of_votes, text, poll_id) values (95, '2019-03-05 20:13:03', 2, 'Cynictis penicillata', 9);
insert into poll_option (id, created_on, number_of_votes, text, poll_id) values (96, '2019-05-27 17:21:39', 2, 'Bubulcus ibis', 28);
insert into poll_option (id, created_on, number_of_votes, text, poll_id) values (97, '2019-08-04 04:03:08', 3, 'Canis lupus', 8);
insert into poll_option (id, created_on, number_of_votes, text, poll_id) values (98, '2019-10-24 11:49:38', 3, 'Erinaceus frontalis', 7);
insert into poll_option (id, created_on, number_of_votes, text, poll_id) values (99, '2019-04-16 17:02:35', 1, 'Toxostoma curvirostre', 26);
insert into poll_option (id, created_on, number_of_votes, text, poll_id) values (100, '2019-04-03 04:49:07', 3, 'Hymenolaimus malacorhynchus', 30);
insert into poll_option (id, created_on, number_of_votes, text, poll_id) values (101, '2019-09-22 15:57:50', 3, 'Ara ararauna', 31);
insert into poll_option (id, created_on, number_of_votes, text, poll_id) values (102, '2019-08-15 11:44:43', 3, 'Mycteria ibis', 24);
insert into poll_option (id, created_on, number_of_votes, text, poll_id) values (103, '2019-08-02 15:13:18', 4, 'Martes americana', 5);
insert into poll_option (id, created_on, number_of_votes, text, poll_id) values (104, '2019-12-29 13:39:12', 2, 'Mirounga angustirostris', 38);
insert into poll_option (id, created_on, number_of_votes, text, poll_id) values (105, '2019-12-18 06:49:48', 1, 'Gymnorhina tibicen', 11);
insert into poll_option (id, created_on, number_of_votes, text, poll_id) values (106, '2020-02-19 10:33:51', 3, 'Psophia viridis', 17);
insert into poll_option (id, created_on, number_of_votes, text, poll_id) values (107, '2020-02-03 19:01:36', 1, 'Dendrohyrax brucel', 22);
insert into poll_option (id, created_on, number_of_votes, text, poll_id) values (108, '2019-09-05 18:36:09', 2, 'Buteo regalis', 16);
insert into poll_option (id, created_on, number_of_votes, text, poll_id) values (109, '2020-01-27 19:47:55', 2, 'Bucorvus leadbeateri', 31);
insert into poll_option (id, created_on, number_of_votes, text, poll_id) values (110, '2020-01-10 16:07:51', 3, 'Varanus komodensis', 48);
insert into poll_option (id, created_on, number_of_votes, text, poll_id) values (111, '2019-05-27 03:33:37', 1, 'Milvago chimachima', 43);
insert into poll_option (id, created_on, number_of_votes, text, poll_id) values (112, '2020-01-23 20:06:40', 1, 'Eunectes sp.', 23);
insert into poll_option (id, created_on, number_of_votes, text, poll_id) values (113, '2019-07-31 03:54:47', 4, 'Gabianus pacificus', 19);
insert into poll_option (id, created_on, number_of_votes, text, poll_id) values (114, '2020-01-25 05:14:44', 4, 'Cordylus giganteus', 32);
insert into poll_option (id, created_on, number_of_votes, text, poll_id) values (115, '2019-03-30 09:25:41', 4, 'Crocuta crocuta', 31);
insert into poll_option (id, created_on, number_of_votes, text, poll_id) values (116, '2019-05-23 02:12:43', 3, 'Felis wiedi or Leopardus weidi', 50);
insert into poll_option (id, created_on, number_of_votes, text, poll_id) values (117, '2019-05-30 22:32:51', 4, 'Pterocles gutturalis', 37);
insert into poll_option (id, created_on, number_of_votes, text, poll_id) values (118, '2019-11-25 19:34:50', 1, 'Orcinus orca', 6);
insert into poll_option (id, created_on, number_of_votes, text, poll_id) values (119, '2020-01-27 21:25:16', 1, 'Ceratotherium simum', 42);
insert into poll_option (id, created_on, number_of_votes, text, poll_id) values (120, '2019-12-04 00:53:07', 1, 'Spilogale gracilis', 2);
insert into poll_option (id, created_on, number_of_votes, text, poll_id) values (121, '2019-06-09 11:13:11', 1, 'Bison bison', 20);
insert into poll_option (id, created_on, number_of_votes, text, poll_id) values (122, '2019-10-09 03:04:41', 2, 'unavailable', 34);
insert into poll_option (id, created_on, number_of_votes, text, poll_id) values (123, '2019-12-03 03:38:37', 2, 'Eolophus roseicapillus', 6);
insert into poll_option (id, created_on, number_of_votes, text, poll_id) values (124, '2019-10-16 05:02:40', 1, 'Cracticus nigroagularis', 31);
insert into poll_option (id, created_on, number_of_votes, text, poll_id) values (125, '2019-06-07 22:45:50', 4, 'Certotrichas paena', 49);
insert into poll_option (id, created_on, number_of_votes, text, poll_id) values (126, '2020-01-30 10:34:52', 1, 'Pseudalopex gymnocercus', 33);
insert into poll_option (id, created_on, number_of_votes, text, poll_id) values (127, '2019-10-05 23:50:22', 2, 'unavailable', 11);
insert into poll_option (id, created_on, number_of_votes, text, poll_id) values (128, '2019-05-07 23:04:14', 2, 'Tursiops truncatus', 11);
insert into poll_option (id, created_on, number_of_votes, text, poll_id) values (129, '2019-09-21 21:24:41', 1, 'Macropus rufogriseus', 27);
insert into poll_option (id, created_on, number_of_votes, text, poll_id) values (130, '2019-04-13 23:31:37', 4, 'Gazella granti', 40);
insert into poll_option (id, created_on, number_of_votes, text, poll_id) values (131, '2020-01-15 10:56:05', 3, 'Spheniscus mendiculus', 50);
insert into poll_option (id, created_on, number_of_votes, text, poll_id) values (132, '2019-12-15 21:00:31', 3, 'Crotalus cerastes', 43);
insert into poll_option (id, created_on, number_of_votes, text, poll_id) values (133, '2019-10-29 23:19:42', 1, 'Crotalus adamanteus', 29);
insert into poll_option (id, created_on, number_of_votes, text, poll_id) values (134, '2019-11-24 04:53:45', 4, 'Tadorna tadorna', 44);
insert into poll_option (id, created_on, number_of_votes, text, poll_id) values (135, '2019-10-10 18:53:35', 4, 'Corvus albus', 43);
insert into poll_option (id, created_on, number_of_votes, text, poll_id) values (136, '2019-10-03 13:31:43', 1, 'Haliaeetus leucocephalus', 27);
insert into poll_option (id, created_on, number_of_votes, text, poll_id) values (137, '2020-01-10 22:59:04', 4, 'Canis mesomelas', 36);
insert into poll_option (id, created_on, number_of_votes, text, poll_id) values (138, '2019-09-10 10:01:26', 4, 'Geochelone radiata', 5);
insert into poll_option (id, created_on, number_of_votes, text, poll_id) values (139, '2019-10-26 04:33:03', 4, 'Plocepasser mahali', 28);
insert into poll_option (id, created_on, number_of_votes, text, poll_id) values (140, '2020-01-06 18:28:23', 3, 'Dusicyon thous', 8);
insert into poll_option (id, created_on, number_of_votes, text, poll_id) values (141, '2019-10-17 14:59:54', 4, 'Echimys chrysurus', 8);
insert into poll_option (id, created_on, number_of_votes, text, poll_id) values (142, '2020-01-11 01:08:59', 4, 'Tiliqua scincoides', 32);
insert into poll_option (id, created_on, number_of_votes, text, poll_id) values (143, '2019-11-09 01:53:27', 1, 'Sciurus niger', 12);
insert into poll_option (id, created_on, number_of_votes, text, poll_id) values (144, '2019-04-12 08:55:14', 4, 'Microcebus murinus', 21);
insert into poll_option (id, created_on, number_of_votes, text, poll_id) values (145, '2019-03-07 02:59:01', 2, 'Haliaetus leucogaster', 26);
insert into poll_option (id, created_on, number_of_votes, text, poll_id) values (146, '2019-09-24 17:22:51', 2, 'Deroptyus accipitrinus', 40);
insert into poll_option (id, created_on, number_of_votes, text, poll_id) values (147, '2019-12-12 04:54:10', 1, 'Conolophus subcristatus', 29);
insert into poll_option (id, created_on, number_of_votes, text, poll_id) values (148, '2019-11-25 18:09:13', 3, 'Thalasseus maximus', 13);
insert into poll_option (id, created_on, number_of_votes, text, poll_id) values (149, '2020-01-01 22:39:42', 2, 'Pelecans onocratalus', 45);
insert into poll_option (id, created_on, number_of_votes, text, poll_id) values (150, '2019-09-01 18:54:35', 1, 'Casmerodius albus', 4);
insert into poll_option (id, created_on, number_of_votes, text, poll_id) values (151, '2019-08-05 05:20:05', 4, 'Dicrostonyx groenlandicus', 45);
insert into poll_option (id, created_on, number_of_votes, text, poll_id) values (152, '2019-08-07 10:12:30', 4, 'Naja haje', 14);
insert into poll_option (id, created_on, number_of_votes, text, poll_id) values (153, '2019-07-07 19:33:26', 4, 'Felis serval', 6);
insert into poll_option (id, created_on, number_of_votes, text, poll_id) values (154, '2019-11-28 03:05:30', 1, 'Macropus eugenii', 25);
insert into poll_option (id, created_on, number_of_votes, text, poll_id) values (155, '2019-12-02 10:54:17', 4, 'Panthera leo persica', 39);
insert into poll_option (id, created_on, number_of_votes, text, poll_id) values (156, '2019-07-31 00:55:06', 4, 'Tiliqua scincoides', 23);
insert into poll_option (id, created_on, number_of_votes, text, poll_id) values (157, '2020-02-18 01:57:27', 3, 'Macropus rufogriseus', 40);
insert into poll_option (id, created_on, number_of_votes, text, poll_id) values (158, '2019-08-20 15:09:52', 1, 'Otaria flavescens', 40);
insert into poll_option (id, created_on, number_of_votes, text, poll_id) values (159, '2019-03-02 13:08:11', 1, 'Threskionis aethiopicus', 31);
insert into poll_option (id, created_on, number_of_votes, text, poll_id) values (160, '2019-05-06 18:54:16', 3, 'Phalacrocorax niger', 24);
insert into poll_option (id, created_on, number_of_votes, text, poll_id) values (161, '2019-06-11 00:09:44', 3, 'Notechis semmiannulatus', 18);
insert into poll_option (id, created_on, number_of_votes, text, poll_id) values (162, '2019-10-11 01:12:25', 3, 'Coluber constrictor foxii', 29);
insert into poll_option (id, created_on, number_of_votes, text, poll_id) values (163, '2019-08-30 22:07:00', 3, 'Salvadora hexalepis', 44);
insert into poll_option (id, created_on, number_of_votes, text, poll_id) values (164, '2019-12-16 17:27:49', 1, 'Fratercula corniculata', 39);
insert into poll_option (id, created_on, number_of_votes, text, poll_id) values (165, '2019-09-04 20:23:32', 3, 'Cebus nigrivittatus', 27);
insert into poll_option (id, created_on, number_of_votes, text, poll_id) values (166, '2019-11-19 18:53:50', 3, 'Buteo galapagoensis', 24);
insert into poll_option (id, created_on, number_of_votes, text, poll_id) values (167, '2019-11-17 01:14:47', 2, 'Columba palumbus', 11);
insert into poll_option (id, created_on, number_of_votes, text, poll_id) values (168, '2019-04-15 17:08:21', 3, 'Eudromia elegans', 10);
insert into poll_option (id, created_on, number_of_votes, text, poll_id) values (169, '2019-12-05 18:31:12', 3, 'Uraeginthus angolensis', 32);
insert into poll_option (id, created_on, number_of_votes, text, poll_id) values (170, '2020-01-12 09:07:51', 3, 'Pteropus rufus', 34);
insert into poll_option (id, created_on, number_of_votes, text, poll_id) values (171, '2019-08-03 22:12:38', 4, 'Cercopithecus aethiops', 26);
insert into poll_option (id, created_on, number_of_votes, text, poll_id) values (172, '2020-01-14 01:34:37', 4, 'Chauna torquata', 26);
insert into poll_option (id, created_on, number_of_votes, text, poll_id) values (173, '2019-06-23 05:45:42', 2, 'Francolinus coqui', 25);
insert into poll_option (id, created_on, number_of_votes, text, poll_id) values (174, '2019-02-27 21:47:33', 4, 'Lama guanicoe', 13);
insert into poll_option (id, created_on, number_of_votes, text, poll_id) values (175, '2019-12-03 03:15:40', 3, 'Eunectes sp.', 2);
insert into poll_option (id, created_on, number_of_votes, text, poll_id) values (176, '2019-10-22 14:46:57', 4, 'Lophoaetus occipitalis', 14);
insert into poll_option (id, created_on, number_of_votes, text, poll_id) values (177, '2019-10-21 15:38:21', 4, 'Bradypus tridactylus', 19);
insert into poll_option (id, created_on, number_of_votes, text, poll_id) values (178, '2019-12-04 22:04:41', 2, 'unavailable', 25);
insert into poll_option (id, created_on, number_of_votes, text, poll_id) values (179, '2019-07-06 03:08:09', 4, 'Dusicyon thous', 31);
insert into poll_option (id, created_on, number_of_votes, text, poll_id) values (180, '2019-10-31 02:09:16', 3, 'Carduelis uropygialis', 16);
insert into poll_option (id, created_on, number_of_votes, text, poll_id) values (181, '2019-06-06 22:22:40', 4, 'Phasianus colchicus', 34);
insert into poll_option (id, created_on, number_of_votes, text, poll_id) values (182, '2019-10-26 07:31:10', 4, 'Columba palumbus', 31);
insert into poll_option (id, created_on, number_of_votes, text, poll_id) values (183, '2019-06-18 21:05:00', 1, 'unavailable', 34);
insert into poll_option (id, created_on, number_of_votes, text, poll_id) values (184, '2020-02-12 15:46:59', 1, 'Marmota flaviventris', 15);
insert into poll_option (id, created_on, number_of_votes, text, poll_id) values (185, '2019-12-19 18:51:32', 1, 'Ratufa indica', 33);
insert into poll_option (id, created_on, number_of_votes, text, poll_id) values (186, '2019-05-05 03:49:18', 2, 'Boa caninus', 35);
insert into poll_option (id, created_on, number_of_votes, text, poll_id) values (187, '2019-02-27 21:33:05', 2, 'Cacatua tenuirostris', 48);
insert into poll_option (id, created_on, number_of_votes, text, poll_id) values (188, '2020-02-14 18:42:18', 2, 'Elephas maximus bengalensis', 15);
insert into poll_option (id, created_on, number_of_votes, text, poll_id) values (189, '2019-07-28 23:13:48', 4, 'Kobus leche robertsi', 8);
insert into poll_option (id, created_on, number_of_votes, text, poll_id) values (190, '2019-10-02 06:44:20', 3, 'Lorythaixoides concolor', 5);
insert into poll_option (id, created_on, number_of_votes, text, poll_id) values (191, '2019-10-31 10:55:49', 1, 'Dasyurus maculatus', 24);
insert into poll_option (id, created_on, number_of_votes, text, poll_id) values (192, '2019-10-28 19:50:36', 4, 'Balearica pavonina', 29);
insert into poll_option (id, created_on, number_of_votes, text, poll_id) values (193, '2019-09-14 08:16:30', 3, 'Cercopithecus aethiops', 3);
insert into poll_option (id, created_on, number_of_votes, text, poll_id) values (194, '2019-12-08 19:05:40', 4, 'Ceratotherium simum', 18);
insert into poll_option (id, created_on, number_of_votes, text, poll_id) values (195, '2020-01-20 06:41:38', 3, 'Myotis lucifugus', 31);
insert into poll_option (id, created_on, number_of_votes, text, poll_id) values (196, '2020-02-18 13:05:17', 4, 'Lorythaixoides concolor', 37);
insert into poll_option (id, created_on, number_of_votes, text, poll_id) values (197, '2019-04-12 17:55:30', 4, 'Herpestes javanicus', 20);
insert into poll_option (id, created_on, number_of_votes, text, poll_id) values (198, '2019-07-21 17:50:56', 1, 'Toxostoma curvirostre', 40);
insert into poll_option (id, created_on, number_of_votes, text, poll_id) values (199, '2019-05-02 08:35:25', 2, 'Sarcophilus harrisii', 16);
insert into poll_option (id, created_on, number_of_votes, text, poll_id) values (200, '2019-06-12 09:52:23', 1, 'Ammospermophilus nelsoni', 4);

insert into user_poll_option (user_id, poll_option_id) values (7, 15);
insert into user_poll_option (user_id, poll_option_id) values (9, 105);
insert into user_poll_option (user_id, poll_option_id) values (6, 29);
insert into user_poll_option (user_id, poll_option_id) values (8, 13);
insert into user_poll_option (user_id, poll_option_id) values (1, 60);
insert into user_poll_option (user_id, poll_option_id) values (5, 33);
insert into user_poll_option (user_id, poll_option_id) values (7, 114);
insert into user_poll_option (user_id, poll_option_id) values (1, 49);
insert into user_poll_option (user_id, poll_option_id) values (8, 68);
insert into user_poll_option (user_id, poll_option_id) values (9, 42);
insert into user_poll_option (user_id, poll_option_id) values (5, 147);
insert into user_poll_option (user_id, poll_option_id) values (9, 110);
insert into user_poll_option (user_id, poll_option_id) values (6, 82);
insert into user_poll_option (user_id, poll_option_id) values (5, 138);
insert into user_poll_option (user_id, poll_option_id) values (9, 77);
insert into user_poll_option (user_id, poll_option_id) values (8, 94);
insert into user_poll_option (user_id, poll_option_id) values (10, 50);
insert into user_poll_option (user_id, poll_option_id) values (8, 86);
insert into user_poll_option (user_id, poll_option_id) values (6, 95);
insert into user_poll_option (user_id, poll_option_id) values (1, 141);
insert into user_poll_option (user_id, poll_option_id) values (9, 15);
insert into user_poll_option (user_id, poll_option_id) values (6, 133);
insert into user_poll_option (user_id, poll_option_id) values (7, 134);
insert into user_poll_option (user_id, poll_option_id) values (6, 84);
insert into user_poll_option (user_id, poll_option_id) values (4, 84);
insert into user_poll_option (user_id, poll_option_id) values (4, 132);
insert into user_poll_option (user_id, poll_option_id) values (9, 38);
insert into user_poll_option (user_id, poll_option_id) values (5, 4);
insert into user_poll_option (user_id, poll_option_id) values (9, 61);
insert into user_poll_option (user_id, poll_option_id) values (10, 103);
insert into user_poll_option (user_id, poll_option_id) values (3, 3);
insert into user_poll_option (user_id, poll_option_id) values (6, 132);
insert into user_poll_option (user_id, poll_option_id) values (4, 133);
insert into user_poll_option (user_id, poll_option_id) values (8, 34);
insert into user_poll_option (user_id, poll_option_id) values (1, 44);
insert into user_poll_option (user_id, poll_option_id) values (5, 9);
insert into user_poll_option (user_id, poll_option_id) values (3, 146);
insert into user_poll_option (user_id, poll_option_id) values (2, 93);
insert into user_poll_option (user_id, poll_option_id) values (1, 4);
insert into user_poll_option (user_id, poll_option_id) values (7, 85);
insert into user_poll_option (user_id, poll_option_id) values (10, 55);
insert into user_poll_option (user_id, poll_option_id) values (9, 139);
insert into user_poll_option (user_id, poll_option_id) values (8, 2);
insert into user_poll_option (user_id, poll_option_id) values (2, 22);
insert into user_poll_option (user_id, poll_option_id) values (8, 1);
insert into user_poll_option (user_id, poll_option_id) values (2, 129);
insert into user_poll_option (user_id, poll_option_id) values (2, 35);
insert into user_poll_option (user_id, poll_option_id) values (8, 11);
insert into user_poll_option (user_id, poll_option_id) values (8, 142);
insert into user_poll_option (user_id, poll_option_id) values (1, 64);
insert into user_poll_option (user_id, poll_option_id) values (10, 4);
insert into user_poll_option (user_id, poll_option_id) values (9, 79);
insert into user_poll_option (user_id, poll_option_id) values (8, 16);
insert into user_poll_option (user_id, poll_option_id) values (4, 47);
insert into user_poll_option (user_id, poll_option_id) values (5, 126);
insert into user_poll_option (user_id, poll_option_id) values (9, 65);
insert into user_poll_option (user_id, poll_option_id) values (2, 130);
insert into user_poll_option (user_id, poll_option_id) values (3, 91);
insert into user_poll_option (user_id, poll_option_id) values (10, 21);
insert into user_poll_option (user_id, poll_option_id) values (4, 36);
insert into user_poll_option (user_id, poll_option_id) values (5, 16);
insert into user_poll_option (user_id, poll_option_id) values (3, 11);
insert into user_poll_option (user_id, poll_option_id) values (3, 131);
insert into user_poll_option (user_id, poll_option_id) values (3, 139);
insert into user_poll_option (user_id, poll_option_id) values (3, 100);
insert into user_poll_option (user_id, poll_option_id) values (9, 35);
insert into user_poll_option (user_id, poll_option_id) values (6, 12);
insert into user_poll_option (user_id, poll_option_id) values (1, 116);
insert into user_poll_option (user_id, poll_option_id) values (2, 38);
insert into user_poll_option (user_id, poll_option_id) values (6, 119);
insert into user_poll_option (user_id, poll_option_id) values (6, 138);
insert into user_poll_option (user_id, poll_option_id) values (4, 145);
insert into user_poll_option (user_id, poll_option_id) values (8, 87);
insert into user_poll_option (user_id, poll_option_id) values (9, 146);
insert into user_poll_option (user_id, poll_option_id) values (10, 130);
insert into user_poll_option (user_id, poll_option_id) values (4, 46);
insert into user_poll_option (user_id, poll_option_id) values (10, 104);
insert into user_poll_option (user_id, poll_option_id) values (8, 24);
insert into user_poll_option (user_id, poll_option_id) values (2, 64);
insert into user_poll_option (user_id, poll_option_id) values (2, 48);
insert into user_poll_option (user_id, poll_option_id) values (2, 115);
insert into user_poll_option (user_id, poll_option_id) values (1, 129);
insert into user_poll_option (user_id, poll_option_id) values (2, 145);
insert into user_poll_option (user_id, poll_option_id) values (4, 1);
insert into user_poll_option (user_id, poll_option_id) values (3, 93);
insert into user_poll_option (user_id, poll_option_id) values (1, 52);
insert into user_poll_option (user_id, poll_option_id) values (9, 47);
insert into user_poll_option (user_id, poll_option_id) values (10, 79);
insert into user_poll_option (user_id, poll_option_id) values (4, 147);
insert into user_poll_option (user_id, poll_option_id) values (6, 69);
insert into user_poll_option (user_id, poll_option_id) values (10, 32);
insert into user_poll_option (user_id, poll_option_id) values (9, 134);
insert into user_poll_option (user_id, poll_option_id) values (3, 16);
insert into user_poll_option (user_id, poll_option_id) values (1, 76);
insert into user_poll_option (user_id, poll_option_id) values (10, 45);
insert into user_poll_option (user_id, poll_option_id) values (10, 149);
insert into user_poll_option (user_id, poll_option_id) values (10, 90);
insert into user_poll_option (user_id, poll_option_id) values (3, 113);
insert into user_poll_option (user_id, poll_option_id) values (10, 64);
insert into user_poll_option (user_id, poll_option_id) values (7, 135);
insert into user_poll_option (user_id, poll_option_id) values (7, 150);
insert into user_poll_option (user_id, poll_option_id) values (5, 102);
insert into user_poll_option (user_id, poll_option_id) values (10, 78);
insert into user_poll_option (user_id, poll_option_id) values (4, 98);
insert into user_poll_option (user_id, poll_option_id) values (10, 134);
insert into user_poll_option (user_id, poll_option_id) values (3, 32);
insert into user_poll_option (user_id, poll_option_id) values (9, 29);
insert into user_poll_option (user_id, poll_option_id) values (8, 20);
insert into user_poll_option (user_id, poll_option_id) values (10, 2);
insert into user_poll_option (user_id, poll_option_id) values (2, 21);
insert into user_poll_option (user_id, poll_option_id) values (3, 117);
insert into user_poll_option (user_id, poll_option_id) values (7, 28);
insert into user_poll_option (user_id, poll_option_id) values (9, 102);
insert into user_poll_option (user_id, poll_option_id) values (5, 142);
insert into user_poll_option (user_id, poll_option_id) values (7, 111);
insert into user_poll_option (user_id, poll_option_id) values (7, 137);
insert into user_poll_option (user_id, poll_option_id) values (10, 148);
insert into user_poll_option (user_id, poll_option_id) values (3, 56);
insert into user_poll_option (user_id, poll_option_id) values (5, 17);
insert into user_poll_option (user_id, poll_option_id) values (9, 68);
insert into user_poll_option (user_id, poll_option_id) values (7, 127);
insert into user_poll_option (user_id, poll_option_id) values (10, 26);
insert into user_poll_option (user_id, poll_option_id) values (9, 94);
insert into user_poll_option (user_id, poll_option_id) values (1, 140);
insert into user_poll_option (user_id, poll_option_id) values (9, 147);
insert into user_poll_option (user_id, poll_option_id) values (5, 69);
insert into user_poll_option (user_id, poll_option_id) values (6, 51);
insert into user_poll_option (user_id, poll_option_id) values (9, 113);
insert into user_poll_option (user_id, poll_option_id) values (1, 139);
insert into user_poll_option (user_id, poll_option_id) values (5, 82);
insert into user_poll_option (user_id, poll_option_id) values (9, 6);
insert into user_poll_option (user_id, poll_option_id) values (8, 140);
insert into user_poll_option (user_id, poll_option_id) values (9, 93);
insert into user_poll_option (user_id, poll_option_id) values (9, 63);
insert into user_poll_option (user_id, poll_option_id) values (4, 19);
insert into user_poll_option (user_id, poll_option_id) values (6, 124);
insert into user_poll_option (user_id, poll_option_id) values (7, 133);
insert into user_poll_option (user_id, poll_option_id) values (2, 136);
insert into user_poll_option (user_id, poll_option_id) values (10, 53);
insert into user_poll_option (user_id, poll_option_id) values (6, 131);
insert into user_poll_option (user_id, poll_option_id) values (5, 93);
insert into user_poll_option (user_id, poll_option_id) values (8, 138);
insert into user_poll_option (user_id, poll_option_id) values (6, 13);
insert into user_poll_option (user_id, poll_option_id) values (8, 55);
